PO_NUMBER,STATUS,SUPPLIER,ATTACHMENTS_FOUND,ATTACHMENTS_DOWNLOADED,LAST_PROCESSED,ERROR_MESSAGE,DOWNLOAD_FOLDER,COUPA_URL
PO15262984,COMPLETED,ERNST_AND_YOUNG_LLP-0001118312,2,2,2025-07-28 12:43:11,,ERNST_AND_YOUNG_LLP-0001118312/,https://unilever.coupahost.com/order_headers/15262984
PO15327452,COMPLETED,ERNST_AND_YOUNG_LLP-0001118312,2,2,2025-07-28 12:43:22,,ERNST_AND_YOUNG_LLP-0001118312/,https://unilever.coupahost.com/order_headers/15327452
PO15362783,COMPLETED,ERNST_AND_YOUNG_LLP-0001118312,1,1,2025-07-28 12:43:30,,ERNST_AND_YOUNG_LLP-0001118312/,https://unilever.coupahost.com/order_headers/15362783
PO15421343,COMPLETED,Ernst_and_Young_LLP-0000337414,1,1,2025-07-28 12:43:40,,Ernst_and_Young_LLP-0000337414/,https://unilever.coupahost.com/order_headers/15421343
PO15471563,COMPLETED,ERNST_AND_YOUNG_LLP-0001118312,1,1,2025-07-28 12:43:50,,ERNST_AND_YOUNG_LLP-0001118312/,https://unilever.coupahost.com/order_headers/15471563
PO15495542,NO_ATTACHMENTS,,0,0,2025-07-28 13:25:02,,,https://unilever.coupahost.com/order_headers/15495542
PO15636776,COMPLETED,Ernst_and_Young_LLP-0000337414,1,1,2025-07-28 12:44:02,,Ernst_and_Young_LLP-0000337414/,https://unilever.coupahost.com/order_headers/15636776
PO15703120,NO_ATTACHMENTS,,0,0,2025-07-28 13:25:03,,,https://unilever.coupahost.com/order_headers/15703120
PO15703149,NO_ATTACHMENTS,,0,0,2025-07-28 13:25:03,,,https://unilever.coupahost.com/order_headers/15703149
PO15723444,COMPLETED,ERNST_AND_YOUNG_LLP-0001016941,2,2,2025-07-28 12:44:14,,ERNST_AND_YOUNG_LLP-0001016941/,https://unilever.coupahost.com/order_headers/15723444
PO15725717,COMPLETED,ERNST_AND_YOUNG_LLP-0001118312,1,1,2025-07-28 12:44:22,,ERNST_AND_YOUNG_LLP-0001118312/,https://unilever.coupahost.com/order_headers/15725717
PO15745961,COMPLETED,ERNST_AND_YOUNG_LLP-0001118312,1,1,2025-07-28 12:44:30,,ERNST_AND_YOUNG_LLP-0001118312/,https://unilever.coupahost.com/order_headers/15745961
PO15756739,COMPLETED,ERNST_AND_YOUNG_LLP-0001118312,1,1,2025-07-28 12:44:38,,ERNST_AND_YOUNG_LLP-0001118312/,https://unilever.coupahost.com/order_headers/15756739
PO15773540,COMPLETED,ERNST_AND_YOUNG_LLP-0001118312,1,1,2025-07-28 12:44:47,,ERNST_AND_YOUNG_LLP-0001118312/,https://unilever.coupahost.com/order_headers/15773540
PO15787315,COMPLETED,Ernst_and_Young_LLP-0000337414,2,2,2025-07-28 12:45:00,,Ernst_and_Young_LLP-0000337414/,https://unilever.coupahost.com/order_headers/15787315
PO15788264,COMPLETED,ERNST_AND_YOUNG_LLP-0001118312,1,1,2025-07-28 12:45:07,,ERNST_AND_YOUNG_LLP-0001118312/,https://unilever.coupahost.com/order_headers/15788264
PO15826392,NO_ATTACHMENTS,,0,0,2025-07-28 13:25:04,,,https://unilever.coupahost.com/order_headers/15826392
PO15826591,COMPLETED,Test_Supplier,3,3,2025-07-28 13:14:45,,Test_Supplier/,https://test.url
PO15873456,COMPLETED,ERNST_AND_YOUNG_LLP-0001118312,1,1,2025-07-28 12:45:25,,ERNST_AND_YOUNG_LLP-0001118312/,https://unilever.coupahost.com/order_headers/15873456
PO15891007,NO_ATTACHMENTS,,0,0,2025-07-28 13:25:04,,,https://unilever.coupahost.com/order_headers/15891007
PO15891008,NO_ATTACHMENTS,,0,0,2025-07-28 13:25:05,,,https://unilever.coupahost.com/order_headers/15891008
PO15947177,COMPLETED,ERNST_AND_YOUNG_LLP-0001118312,1,1,2025-07-28 12:45:35,,ERNST_AND_YOUNG_LLP-0001118312/,https://unilever.coupahost.com/order_headers/15947177
PO15958915,COMPLETED,ERNST_AND_YOUNG_LLP-0001118312,1,1,2025-07-28 12:45:42,,ERNST_AND_YOUNG_LLP-0001118312/,https://unilever.coupahost.com/order_headers/15958915
PO15975069,COMPLETED,ERNST_AND_YOUNG_LLP-0001118312,1,1,2025-07-28 12:45:50,,ERNST_AND_YOUNG_LLP-0001118312/,https://unilever.coupahost.com/order_headers/15975069
PO15995622,COMPLETED,ERNST_AND_YOUNG_LLP-0001118312,2,2,2025-07-28 12:46:02,,ERNST_AND_YOUNG_LLP-0001118312/,https://unilever.coupahost.com/order_headers/15995622
PO16004021,NO_ATTACHMENTS,,0,0,2025-07-28 13:25:05,,,https://unilever.coupahost.com/order_headers/16004021
PO16011550,COMPLETED,ERNST_AND_YOUNG_LLP-0001118312,1,1,2025-07-28 12:46:12,,ERNST_AND_YOUNG_LLP-0001118312/,https://unilever.coupahost.com/order_headers/16011550
PO16012567,COMPLETED,ERNST_AND_YOUNG_LLP-0001118312,2,2,2025-07-28 12:46:23,,ERNST_AND_YOUNG_LLP-0001118312/,https://unilever.coupahost.com/order_headers/16012567
PO16042562,COMPLETED,ERNST_AND_YOUNG_LLP-0001118312,1,1,2025-07-28 12:46:31,,ERNST_AND_YOUNG_LLP-0001118312/,https://unilever.coupahost.com/order_headers/16042562
PO16051589,COMPLETED,ERNST_AND_YOUNG_LLP-0001118312,2,2,2025-07-28 12:46:44,,ERNST_AND_YOUNG_LLP-0001118312/,https://unilever.coupahost.com/order_headers/16051589
PO16101984,COMPLETED,ERNST_AND_YOUNG_LLP-0001118312,2,2,2025-07-28 12:46:56,,ERNST_AND_YOUNG_LLP-0001118312/,https://unilever.coupahost.com/order_headers/16101984
PO16102674,COMPLETED,ERNST_AND_YOUNG_LLP-0001118312,2,2,2025-07-28 12:47:07,,ERNST_AND_YOUNG_LLP-0001118312/,https://unilever.coupahost.com/order_headers/16102674
PO16103085,COMPLETED,ERNST_AND_YOUNG_LLP-0001118312,2,2,2025-07-28 12:47:20,,ERNST_AND_YOUNG_LLP-0001118312/,https://unilever.coupahost.com/order_headers/16103085
PO16114481,NO_ATTACHMENTS,,0,0,2025-07-28 13:25:06,,,https://unilever.coupahost.com/order_headers/16114481
PO16123972,NO_ATTACHMENTS,,0,0,2025-07-28 13:25:06,,,https://unilever.coupahost.com/order_headers/16123972
PO16131896,COMPLETED,ERNST_AND_YOUNG_LLP-0001118312,2,2,2025-07-28 12:47:35,,ERNST_AND_YOUNG_LLP-0001118312/,https://unilever.coupahost.com/order_headers/16131896
PO16142813,NO_ATTACHMENTS,,0,0,2025-07-28 13:25:06,,,https://unilever.coupahost.com/order_headers/16142813
PO16163982,NO_ATTACHMENTS,,0,0,2025-07-28 13:25:07,,,https://unilever.coupahost.com/order_headers/16163982
PO16165279,PARTIAL,Ernst_and_Young_LLP-0000337414,2,1,2025-07-28 13:25:18,,Ernst_and_Young_LLP-0000337414/,https://unilever.coupahost.com/order_headers/16165279
PO16171159,NO_ATTACHMENTS,,0,0,2025-07-28 13:25:20,,,https://unilever.coupahost.com/order_headers/16171159
PO16173015,COMPLETED,ERNST_AND_YOUNG_LLP-0001118312,1,1,2025-07-28 12:47:59,,ERNST_AND_YOUNG_LLP-0001118312/,https://unilever.coupahost.com/order_headers/16173015
PO16174239,COMPLETED,ERNST_AND_YOUNG_LLP-0001118312,2,2,2025-07-28 12:48:10,,ERNST_AND_YOUNG_LLP-0001118312/,https://unilever.coupahost.com/order_headers/16174239
PO16180307,COMPLETED,ERNST_AND_YOUNG_LLP-0001118312,1,1,2025-07-28 12:48:19,,ERNST_AND_YOUNG_LLP-0001118312/,https://unilever.coupahost.com/order_headers/16180307
PO16192707,NO_ATTACHMENTS,,0,0,2025-07-28 13:25:21,,,https://unilever.coupahost.com/order_headers/16192707
PO16196048,NO_ATTACHMENTS,,0,0,2025-07-28 13:25:22,,,https://unilever.coupahost.com/order_headers/16196048
PO16198222,NO_ATTACHMENTS,,0,0,2025-07-28 13:25:23,,,https://unilever.coupahost.com/order_headers/16198222
PO16198898,COMPLETED,ERNST_AND_YOUNG_LLP-0001118312,1,1,2025-07-28 12:48:32,,ERNST_AND_YOUNG_LLP-0001118312/,https://unilever.coupahost.com/order_headers/16198898
PO16201559,NO_ATTACHMENTS,,0,0,2025-07-28 13:25:24,,,https://unilever.coupahost.com/order_headers/16201559
PO16201958,NO_ATTACHMENTS,,0,0,2025-07-28 13:25:24,,,https://unilever.coupahost.com/order_headers/16201958
PO16203366,COMPLETED,ERNST_AND_YOUNG_LLP-0001118312,1,1,2025-07-28 12:48:41,,ERNST_AND_YOUNG_LLP-0001118312/,https://unilever.coupahost.com/order_headers/16203366
PO16203367,COMPLETED,ERNST_AND_YOUNG_LLP-0001118312,1,1,2025-07-28 12:48:50,,ERNST_AND_YOUNG_LLP-0001118312/,https://unilever.coupahost.com/order_headers/16203367
PO16203369,COMPLETED,ERNST_AND_YOUNG_LLP-0001118312,1,1,2025-07-28 12:48:59,,ERNST_AND_YOUNG_LLP-0001118312/,https://unilever.coupahost.com/order_headers/16203369
PO16210799,COMPLETED,ERNST_AND_YOUNG_LLP-0001118312,2,2,2025-07-28 12:49:10,,ERNST_AND_YOUNG_LLP-0001118312/,https://unilever.coupahost.com/order_headers/16210799
PO16211016,NO_ATTACHMENTS,,0,0,2025-07-28 13:25:25,,,https://unilever.coupahost.com/order_headers/16211016
PO16215916,NO_ATTACHMENTS,,0,0,2025-07-28 13:25:25,,,https://unilever.coupahost.com/order_headers/16215916
PO16219761,COMPLETED,ERNST_AND_YOUNG_LLP-0001118312,1,1,2025-07-28 12:49:20,,ERNST_AND_YOUNG_LLP-0001118312/,https://unilever.coupahost.com/order_headers/16219761
PO16220188,COMPLETED,ERNST_AND_YOUNG_LLP-0001118312,2,2,2025-07-28 12:49:32,,ERNST_AND_YOUNG_LLP-0001118312/,https://unilever.coupahost.com/order_headers/16220188
PO16221223,PARTIAL,ERNST_AND_YOUNG_LLP-0001016941,2,1,2025-07-28 13:25:33,,ERNST_AND_YOUNG_LLP-0001016941/,https://unilever.coupahost.com/order_headers/16221223
PO16222196,COMPLETED,ERNST_AND_YOUNG_LLP-0001118312,2,2,2025-07-28 12:49:52,,ERNST_AND_YOUNG_LLP-0001118312/,https://unilever.coupahost.com/order_headers/16222196
PO16222200,COMPLETED,ERNST_AND_YOUNG_LLP-0001118312,2,2,2025-07-28 12:50:04,,ERNST_AND_YOUNG_LLP-0001118312/,https://unilever.coupahost.com/order_headers/16222200
PO16224336,COMPLETED,ERNST_AND_YOUNG_LLP-0001118312,1,1,2025-07-28 12:50:12,,ERNST_AND_YOUNG_LLP-0001118312/,https://unilever.coupahost.com/order_headers/16224336
PO16226764,NO_ATTACHMENTS,,0,0,2025-07-28 13:25:34,,,https://unilever.coupahost.com/order_headers/16226764
PO16228358,COMPLETED,ERNST_AND_YOUNG_LLP-0001118312,2,2,2025-07-28 12:50:25,,ERNST_AND_YOUNG_LLP-0001118312/,https://unilever.coupahost.com/order_headers/16228358
PO16228360,COMPLETED,ERNST_AND_YOUNG_LLP-0001118312,2,2,2025-07-28 12:50:36,,ERNST_AND_YOUNG_LLP-0001118312/,https://unilever.coupahost.com/order_headers/16228360
PO16232341,COMPLETED,ERNST_AND_YOUNG_LLP-0001118312,1,1,2025-07-28 12:50:44,,ERNST_AND_YOUNG_LLP-0001118312/,https://unilever.coupahost.com/order_headers/16232341
PO16233995,NO_ATTACHMENTS,,0,0,2025-07-28 13:25:35,,,https://unilever.coupahost.com/order_headers/16233995
PO16234040,FAILED,,0,0,2025-07-28 13:25:36,PO page not found,,https://unilever.coupahost.com/order_headers/16234040
PO16235170,COMPLETED,ERNST_AND_YOUNG_LLP-0001118312,2,2,2025-07-28 12:50:59,,ERNST_AND_YOUNG_LLP-0001118312/,https://unilever.coupahost.com/order_headers/16235170
PO16237500,COMPLETED,ERNST_AND_YOUNG_LLP-0001118312,1,1,2025-07-28 12:51:06,,ERNST_AND_YOUNG_LLP-0001118312/,https://unilever.coupahost.com/order_headers/16237500
PO16239374,NO_ATTACHMENTS,,0,0,2025-07-28 13:25:38,,,https://unilever.coupahost.com/order_headers/16239374
PO16239686,COMPLETED,ERNST_AND_YOUNG_LLP-0001118312,1,1,2025-07-28 12:51:16,,ERNST_AND_YOUNG_LLP-0001118312/,https://unilever.coupahost.com/order_headers/16239686
PO16240302,COMPLETED,ERNST_AND_YOUNG_LLP-0001118312,1,1,2025-07-28 12:51:23,,ERNST_AND_YOUNG_LLP-0001118312/,https://unilever.coupahost.com/order_headers/16240302
PO16240691,COMPLETED,ERNST_AND_YOUNG_LLP-0001118312,1,1,2025-07-28 12:51:32,,ERNST_AND_YOUNG_LLP-0001118312/,https://unilever.coupahost.com/order_headers/16240691
PO16241338,COMPLETED,ERNST_AND_YOUNG_LLP-0001118312,1,1,2025-07-28 12:51:41,,ERNST_AND_YOUNG_LLP-0001118312/,https://unilever.coupahost.com/order_headers/16241338
PO16242475,COMPLETED,ERNST_AND_YOUNG_LLP-0001118312,3,3,2025-07-28 12:51:55,,ERNST_AND_YOUNG_LLP-0001118312/,https://unilever.coupahost.com/order_headers/16242475
PO16242605,NO_ATTACHMENTS,,0,0,2025-07-28 13:25:38,,,https://unilever.coupahost.com/order_headers/16242605
PO16242651,COMPLETED,ERNST_AND_YOUNG_LLP-0001118312,1,1,2025-07-28 12:52:04,,ERNST_AND_YOUNG_LLP-0001118312/,https://unilever.coupahost.com/order_headers/16242651
PO16243188,NO_ATTACHMENTS,,0,0,2025-07-28 13:25:38,,,https://unilever.coupahost.com/order_headers/16243188
PO16245358,COMPLETED,ERNST_AND_YOUNG_LLP-0001118312,1,1,2025-07-28 12:52:12,,ERNST_AND_YOUNG_LLP-0001118312/,https://unilever.coupahost.com/order_headers/16245358
PO16245367,NO_ATTACHMENTS,,0,0,2025-07-28 13:25:39,,,https://unilever.coupahost.com/order_headers/16245367
PO16245570,COMPLETED,ERNST_AND_YOUNG_LLP-0001118312,2,2,2025-07-28 12:52:25,,ERNST_AND_YOUNG_LLP-0001118312/,https://unilever.coupahost.com/order_headers/16245570
PO16245573,COMPLETED,ERNST_AND_YOUNG_LLP-0001118312,2,2,2025-07-28 12:52:36,,ERNST_AND_YOUNG_LLP-0001118312/,https://unilever.coupahost.com/order_headers/16245573
PO16245869,COMPLETED,ERNST_AND_YOUNG_LLP-0001118312,3,3,2025-07-28 12:52:51,,ERNST_AND_YOUNG_LLP-0001118312/,https://unilever.coupahost.com/order_headers/16245869
PO16247799,COMPLETED,ERNST_AND_YOUNG_LLP-0001118312,1,1,2025-07-28 12:52:59,,ERNST_AND_YOUNG_LLP-0001118312/,https://unilever.coupahost.com/order_headers/16247799
PO16248843,NO_ATTACHMENTS,,0,0,2025-07-28 13:25:39,,,https://unilever.coupahost.com/order_headers/16248843
PO16250384,NO_ATTACHMENTS,,0,0,2025-07-28 13:25:40,,,https://unilever.coupahost.com/order_headers/16250384
PO16252114,COMPLETED,ERNST_AND_YOUNG_LLP-0001118312,1,1,2025-07-28 12:53:10,,ERNST_AND_YOUNG_LLP-0001118312/,https://unilever.coupahost.com/order_headers/16252114
PO16252275,COMPLETED,ERNST_AND_YOUNG_LLP-0001118312,1,1,2025-07-28 12:53:18,,ERNST_AND_YOUNG_LLP-0001118312/,https://unilever.coupahost.com/order_headers/16252275
PO16252568,NO_ATTACHMENTS,,0,0,2025-07-28 13:25:40,,,https://unilever.coupahost.com/order_headers/16252568
PO16252573,NO_ATTACHMENTS,,0,0,2025-07-28 13:25:41,,,https://unilever.coupahost.com/order_headers/16252573
PO16253702,COMPLETED,ERNST_AND_YOUNG_LLP-0001118312,2,2,2025-07-28 12:53:30,,ERNST_AND_YOUNG_LLP-0001118312/,https://unilever.coupahost.com/order_headers/16253702
PO16253703,COMPLETED,ERNST_AND_YOUNG_LLP-0001118312,2,2,2025-07-28 12:53:42,,ERNST_AND_YOUNG_LLP-0001118312/,https://unilever.coupahost.com/order_headers/16253703
PO16253756,COMPLETED,ERNST_AND_YOUNG_LLP-0001118312,1,1,2025-07-28 12:53:50,,ERNST_AND_YOUNG_LLP-0001118312/,https://unilever.coupahost.com/order_headers/16253756
PO16253764,COMPLETED,ERNST_AND_YOUNG_LLP-0001118312,1,1,2025-07-28 12:54:00,,ERNST_AND_YOUNG_LLP-0001118312/,https://unilever.coupahost.com/order_headers/16253764
PO16254950,COMPLETED,ERNST_AND_YOUNG_LLP-0001016941,2,2,2025-07-28 12:54:12,,ERNST_AND_YOUNG_LLP-0001016941/,https://unilever.coupahost.com/order_headers/16254950
PO16256064,COMPLETED,ERNST_AND_YOUNG_LLP-0001118312,2,2,2025-07-28 12:54:25,,ERNST_AND_YOUNG_LLP-0001118312/,https://unilever.coupahost.com/order_headers/16256064
PO16257784,COMPLETED,ERNST_AND_YOUNG_LLP-0001118312,1,1,2025-07-28 12:54:33,,ERNST_AND_YOUNG_LLP-0001118312/,https://unilever.coupahost.com/order_headers/16257784
PO16257861,COMPLETED,ERNST_AND_YOUNG_LLP-0001118312,1,1,2025-07-28 12:54:41,,ERNST_AND_YOUNG_LLP-0001118312/,https://unilever.coupahost.com/order_headers/16257861
PO16258662,COMPLETED,ERNST_AND_YOUNG_LLP-0001118312,3,3,2025-07-28 12:54:57,,ERNST_AND_YOUNG_LLP-0001118312/,https://unilever.coupahost.com/order_headers/16258662
PO16261363,COMPLETED,ERNST_AND_YOUNG_LLP-0001016941,1,1,2025-07-28 12:55:06,,ERNST_AND_YOUNG_LLP-0001016941/,https://unilever.coupahost.com/order_headers/16261363
PO16264945,COMPLETED,ERNST_AND_YOUNG_LLP-0001118312,1,1,2025-07-28 12:55:14,,ERNST_AND_YOUNG_LLP-0001118312/,https://unilever.coupahost.com/order_headers/16264945
PO16266316,NO_ATTACHMENTS,,0,0,2025-07-28 13:25:41,,,https://unilever.coupahost.com/order_headers/16266316
PO16266484,COMPLETED,ERNST_AND_YOUNG_LLP-0001118312,2,2,2025-07-28 12:55:26,,ERNST_AND_YOUNG_LLP-0001118312/,https://unilever.coupahost.com/order_headers/16266484
PO16270144,COMPLETED,ERNST_AND_YOUNG_LLP-0001118312,2,2,2025-07-28 12:55:38,,ERNST_AND_YOUNG_LLP-0001118312/,https://unilever.coupahost.com/order_headers/16270144
PO16270912,COMPLETED,ERNST_AND_YOUNG_LLP-0001118312,1,1,2025-07-28 12:55:47,,ERNST_AND_YOUNG_LLP-0001118312/,https://unilever.coupahost.com/order_headers/16270912
PO16271183,COMPLETED,ERNST_AND_YOUNG_LLP-0001118312,2,2,2025-07-28 12:55:59,,ERNST_AND_YOUNG_LLP-0001118312/,https://unilever.coupahost.com/order_headers/16271183
PO16271734,COMPLETED,ERNST_AND_YOUNG_LLP-0001118312,2,2,2025-07-28 12:56:10,,ERNST_AND_YOUNG_LLP-0001118312/,https://unilever.coupahost.com/order_headers/16271734
PO16272213,NO_ATTACHMENTS,,0,0,2025-07-28 13:25:42,,,https://unilever.coupahost.com/order_headers/16272213
PO16276530,COMPLETED,ERNST_AND_YOUNG_LLP-0001118312,1,1,2025-07-28 12:56:20,,ERNST_AND_YOUNG_LLP-0001118312/,https://unilever.coupahost.com/order_headers/16276530
PO16277232,COMPLETED,ERNST_AND_YOUNG_LLP-0001118312,1,1,2025-07-28 12:56:32,,ERNST_AND_YOUNG_LLP-0001118312/,https://unilever.coupahost.com/order_headers/16277232
PO16277411,PARTIAL,ERNST_AND_YOUNG_LLP-0050285277,2,1,2025-07-28 13:25:52,,ERNST_AND_YOUNG_LLP-0050285277/,https://unilever.coupahost.com/order_headers/16277411
PO16286782,COMPLETED,ERNST_AND_YOUNG_LLP-0001118312,4,4,2025-07-28 12:57:02,,ERNST_AND_YOUNG_LLP-0001118312/,https://unilever.coupahost.com/order_headers/16286782
PO16288315,NO_ATTACHMENTS,,0,0,2025-07-28 13:25:53,,,https://unilever.coupahost.com/order_headers/16288315
PO16288639,NO_ATTACHMENTS,,0,0,2025-07-28 13:25:53,,,https://unilever.coupahost.com/order_headers/16288639
PO16291902,COMPLETED,ERNST_AND_YOUNG_LLP-0001016941,2,2,2025-07-28 12:57:15,,ERNST_AND_YOUNG_LLP-0001016941/,https://unilever.coupahost.com/order_headers/16291902
PO16291905,COMPLETED,ERNST_AND_YOUNG_LLP-0001016941,1,1,2025-07-28 12:57:24,,ERNST_AND_YOUNG_LLP-0001016941/,https://unilever.coupahost.com/order_headers/16291905
PO16293014,COMPLETED,ERNST_AND_YOUNG_LLP-0001118312,1,1,2025-07-28 12:57:32,,ERNST_AND_YOUNG_LLP-0001118312/,https://unilever.coupahost.com/order_headers/16293014
PO16293750,COMPLETED,ERNST_AND_YOUNG_LLP-0001118312,2,2,2025-07-28 12:57:52,,ERNST_AND_YOUNG_LLP-0001118312/,https://unilever.coupahost.com/order_headers/16293750
PO16297172,COMPLETED,ERNST_AND_YOUNG_LLP-0001118312,1,1,2025-07-28 12:58:02,,ERNST_AND_YOUNG_LLP-0001118312/,https://unilever.coupahost.com/order_headers/16297172
PO16299731,NO_ATTACHMENTS,,0,0,2025-07-28 13:25:54,,,https://unilever.coupahost.com/order_headers/16299731
PO16310223,COMPLETED,ERNST_AND_YOUNG_LLP-0001118312,2,2,2025-07-28 12:58:18,,ERNST_AND_YOUNG_LLP-0001118312/,https://unilever.coupahost.com/order_headers/16310223
PO16311692,COMPLETED,ERNST_AND_YOUNG_LLP-0001118312,1,1,2025-07-28 12:58:27,,ERNST_AND_YOUNG_LLP-0001118312/,https://unilever.coupahost.com/order_headers/16311692
PO16314188,COMPLETED,ERNST_AND_YOUNG_LLP-0001118312,1,1,2025-07-28 12:58:38,,ERNST_AND_YOUNG_LLP-0001118312/,https://unilever.coupahost.com/order_headers/16314188
PO16314667,COMPLETED,ERNST_AND_YOUNG_LLP-0001118312,2,2,2025-07-28 12:58:51,,ERNST_AND_YOUNG_LLP-0001118312/,https://unilever.coupahost.com/order_headers/16314667
PO16321907,COMPLETED,ERNST_AND_YOUNG_LLP-0001118312,2,2,2025-07-28 12:59:05,,ERNST_AND_YOUNG_LLP-0001118312/,https://unilever.coupahost.com/order_headers/16321907
PO16322639,COMPLETED,ERNST_AND_YOUNG_LLP-0001118312,1,1,2025-07-28 12:59:14,,ERNST_AND_YOUNG_LLP-0001118312/,https://unilever.coupahost.com/order_headers/16322639
PO16323977,COMPLETED,ERNST_AND_YOUNG_LLP-0001118312,3,3,2025-07-28 12:59:30,,ERNST_AND_YOUNG_LLP-0001118312/,https://unilever.coupahost.com/order_headers/16323977
PO16323983,COMPLETED,ERNST_AND_YOUNG_LLP-0001118312,3,3,2025-07-28 12:59:44,,ERNST_AND_YOUNG_LLP-0001118312/,https://unilever.coupahost.com/order_headers/16323983
PO16325539,COMPLETED,ERNST_AND_YOUNG_LLP-0001118312,1,1,2025-07-28 12:59:52,,ERNST_AND_YOUNG_LLP-0001118312/,https://unilever.coupahost.com/order_headers/16325539
PO16326521,COMPLETED,ERNST_AND_YOUNG_LLP-0001118312,2,2,2025-07-28 13:00:05,,ERNST_AND_YOUNG_LLP-0001118312/,https://unilever.coupahost.com/order_headers/16326521
PO16330098,COMPLETED,ERNST_AND_YOUNG_LLP-0001016941,1,1,2025-07-28 13:00:13,,ERNST_AND_YOUNG_LLP-0001016941/,https://unilever.coupahost.com/order_headers/16330098
PO16330281,NO_ATTACHMENTS,,0,0,2025-07-28 13:25:55,,,https://unilever.coupahost.com/order_headers/16330281
PO16333132,COMPLETED,ERNST_AND_YOUNG_LLP-0001118312,3,3,2025-07-28 13:00:33,,ERNST_AND_YOUNG_LLP-0001118312/,https://unilever.coupahost.com/order_headers/16333132
PO15328388,NO_ATTACHMENTS,,0,0,2025-07-28 13:25:56,,,https://unilever.coupahost.com/order_headers/15328388
PO15424249,COMPLETED,DELOITTE_TOUCHE_TOHMATSU_INDIA_LLP-0050532353,1,1,2025-07-28 13:00:44,,DELOITTE_TOUCHE_TOHMATSU_INDIA_LLP-0050532353/,https://unilever.coupahost.com/order_headers/15424249
PO15638775,NO_ATTACHMENTS,,0,0,2025-07-28 13:25:56,,,https://unilever.coupahost.com/order_headers/15638775
PO15750311,PARTIAL,DELOITTE_TOUCHE_TOHMATSU_INDIA_LLP-0050532353,2,1,2025-07-28 13:26:05,,DELOITTE_TOUCHE_TOHMATSU_INDIA_LLP-0050532353/,https://unilever.coupahost.com/order_headers/15750311
PO15750322,PARTIAL,DELOITTE_TOUCHE_TOHMATSU_INDIA_LLP-0050532353,2,1,2025-07-28 13:26:14,,DELOITTE_TOUCHE_TOHMATSU_INDIA_LLP-0050532353/,https://unilever.coupahost.com/order_headers/15750322
PO15823033,NO_ATTACHMENTS,,0,0,2025-07-28 13:26:16,,,https://unilever.coupahost.com/order_headers/15823033
PO15839257,COMPLETED,DELOITTE_TOUCHE_TOHMATSU_INDIA_LLP-0050532353,2,2,2025-07-28 13:01:15,,DELOITTE_TOUCHE_TOHMATSU_INDIA_LLP-0050532353/,https://unilever.coupahost.com/order_headers/15839257
PO15864740,COMPLETED,DELOITTE_TOUCHE_TOHMATSU_INDIA_LLP-0050532353,2,2,2025-07-28 13:01:28,,DELOITTE_TOUCHE_TOHMATSU_INDIA_LLP-0050532353/,https://unilever.coupahost.com/order_headers/15864740
PO15957221,NO_ATTACHMENTS,,0,0,2025-07-28 13:26:16,,,https://unilever.coupahost.com/order_headers/15957221
PO15962033,NO_ATTACHMENTS,,0,0,2025-07-28 13:26:17,,,https://unilever.coupahost.com/order_headers/15962033
PO15965813,NO_ATTACHMENTS,,0,0,2025-07-28 13:26:17,,,https://unilever.coupahost.com/order_headers/15965813
PO15994157,NO_ATTACHMENTS,,0,0,2025-07-28 13:26:18,,,https://unilever.coupahost.com/order_headers/15994157
PO16024613,NO_ATTACHMENTS,,0,0,2025-07-28 13:26:18,,,https://unilever.coupahost.com/order_headers/16024613
PO16034826,NO_ATTACHMENTS,,0,0,2025-07-28 13:26:19,,,https://unilever.coupahost.com/order_headers/16034826
PO16048089,NO_ATTACHMENTS,,0,0,2025-07-28 13:26:19,,,https://unilever.coupahost.com/order_headers/16048089
PO16057982,NO_ATTACHMENTS,,0,0,2025-07-28 13:26:20,,,https://unilever.coupahost.com/order_headers/16057982
PO16068169,COMPLETED,DELOITTE_TOUCHE_TOHMATSU_INDIA_LLP-0050532353,3,3,2025-07-28 13:01:48,,DELOITTE_TOUCHE_TOHMATSU_INDIA_LLP-0050532353/,https://unilever.coupahost.com/order_headers/16068169
PO16101806,COMPLETED,DELOITTE_TOUCHE_TOHMATSU_INDIA_LLP-0050532353,3,3,2025-07-28 13:02:02,,DELOITTE_TOUCHE_TOHMATSU_INDIA_LLP-0050532353/,https://unilever.coupahost.com/order_headers/16101806
PO16101830,NO_ATTACHMENTS,,0,0,2025-07-28 13:26:20,,,https://unilever.coupahost.com/order_headers/16101830
PO16104415,NO_ATTACHMENTS,,0,0,2025-07-28 13:26:21,,,https://unilever.coupahost.com/order_headers/16104415
PO16110828,COMPLETED,DELOITTE_LLP-0001119382,1,1,2025-07-28 13:02:11,,DELOITTE_LLP-0001119382/,https://unilever.coupahost.com/order_headers/16110828
PO16114382,NO_ATTACHMENTS,,0,0,2025-07-28 13:26:22,,,https://unilever.coupahost.com/order_headers/16114382
PO16119819,NO_ATTACHMENTS,,0,0,2025-07-28 13:26:23,,,https://unilever.coupahost.com/order_headers/16119819
PO16124027,NO_ATTACHMENTS,,0,0,2025-07-28 13:26:23,,,https://unilever.coupahost.com/order_headers/16124027
PO16131849,NO_ATTACHMENTS,,0,0,2025-07-28 13:26:24,,,https://unilever.coupahost.com/order_headers/16131849
PO16143912,COMPLETED,DELOITTE_TOUCHE_TOHMATSU_INDIA_LLP-0050532353,2,2,2025-07-28 13:02:30,,DELOITTE_TOUCHE_TOHMATSU_INDIA_LLP-0050532353/,https://unilever.coupahost.com/order_headers/16143912
PO16161426,COMPLETED,DELOITTE_TOUCHE_TOHMATSU_INDIA_LLP-0050532353,1,1,2025-07-28 13:02:39,,DELOITTE_TOUCHE_TOHMATSU_INDIA_LLP-0050532353/,https://unilever.coupahost.com/order_headers/16161426
PO16161678,PARTIAL,DELOITTE_LLP-0001091791,3,1,2025-07-28 13:26:39,,DELOITTE_LLP-0001091791/,https://unilever.coupahost.com/order_headers/16161678
PO16161851,COMPLETED,DELOITTE_TOUCHE_TOHMATSU_INDIA_LLP-0050532353,3,3,2025-07-28 13:03:09,,DELOITTE_TOUCHE_TOHMATSU_INDIA_LLP-0050532353/,https://unilever.coupahost.com/order_headers/16161851
PO16168844,NO_ATTACHMENTS,,0,0,2025-07-28 13:26:39,,,https://unilever.coupahost.com/order_headers/16168844
PO16170106,PARTIAL,DELOITTE_TOUCHE_TOHMATSU_INDIA_LLP-0050532353,2,1,2025-07-28 13:26:47,,DELOITTE_TOUCHE_TOHMATSU_INDIA_LLP-0050532353/,https://unilever.coupahost.com/order_headers/16170106
PO16170107,PARTIAL,DELOITTE_TOUCHE_TOHMATSU_INDIA_LLP-0050532353,2,1,2025-07-28 13:26:54,,DELOITTE_TOUCHE_TOHMATSU_INDIA_LLP-0050532353/,https://unilever.coupahost.com/order_headers/16170107
PO16171351,NO_ATTACHMENTS,,0,0,2025-07-28 13:26:55,,,https://unilever.coupahost.com/order_headers/16171351
PO16171355,NO_ATTACHMENTS,,0,0,2025-07-28 13:26:55,,,https://unilever.coupahost.com/order_headers/16171355
PO16174242,COMPLETED,DELOITTE_TOUCHE_TOHMATSU_INDIA_LLP-0050532353,3,3,2025-07-28 13:03:44,,DELOITTE_TOUCHE_TOHMATSU_INDIA_LLP-0050532353/,https://unilever.coupahost.com/order_headers/16174242
PO16176320,NO_ATTACHMENTS,,0,0,2025-07-28 13:26:57,,,https://unilever.coupahost.com/order_headers/16176320
PO16179952,COMPLETED,DELOITTE_TOUCHE_TOHMATSU_INDIA_LLP-0050532353,1,1,2025-07-28 13:03:53,,DELOITTE_TOUCHE_TOHMATSU_INDIA_LLP-0050532353/,https://unilever.coupahost.com/order_headers/16179952
PO16181974,NO_ATTACHMENTS,,0,0,2025-07-28 13:26:58,,,https://unilever.coupahost.com/order_headers/16181974
PO16183783,COMPLETED,DELOITTE_TOUCHE_TOHMATSU_INDIA_LLP-0050532353,1,1,2025-07-28 13:04:03,,DELOITTE_TOUCHE_TOHMATSU_INDIA_LLP-0050532353/,https://unilever.coupahost.com/order_headers/16183783
PO16190023,NO_ATTACHMENTS,,0,0,2025-07-28 13:26:59,,,https://unilever.coupahost.com/order_headers/16190023
PO16191021,NO_ATTACHMENTS,,0,0,2025-07-28 13:26:59,,,https://unilever.coupahost.com/order_headers/16191021
PO16194384,FAILED,DELOITTE_TOUCHE_TOHMATSU_INDIA_LLP-0050532353,1,0,2025-07-28 13:27:04,,DELOITTE_TOUCHE_TOHMATSU_INDIA_LLP-0050532353/,https://unilever.coupahost.com/order_headers/16194384
PO16197838,NO_ATTACHMENTS,,0,0,2025-07-28 13:27:04,,,https://unilever.coupahost.com/order_headers/16197838
PO16201995,COMPLETED,DELOITTE_LLP-0001119382,1,1,2025-07-28 13:04:23,,DELOITTE_LLP-0001119382/,https://unilever.coupahost.com/order_headers/16201995
PO16232339,COMPLETED,DELOITTE_TOUCHE_TOHMATSU_INDIA_LLP-0050532353,1,1,2025-07-28 13:04:32,,DELOITTE_TOUCHE_TOHMATSU_INDIA_LLP-0050532353/,https://unilever.coupahost.com/order_headers/16232339
PO16233202,NO_ATTACHMENTS,,0,0,2025-07-28 13:27:05,,,https://unilever.coupahost.com/order_headers/16233202
PO16234218,NO_ATTACHMENTS,,0,0,2025-07-28 13:27:05,,,https://unilever.coupahost.com/order_headers/16234218
PO16237960,COMPLETED,DELOITTE_TOUCHE_TOHMATSU_INDIA_LLP-0050532353,1,1,2025-07-28 13:04:44,,DELOITTE_TOUCHE_TOHMATSU_INDIA_LLP-0050532353/,https://unilever.coupahost.com/order_headers/16237960
PO16239059,COMPLETED,DELOITTE_TOUCHE_TOHMATSU_INDIA_LLP-0050532353,1,1,2025-07-28 13:04:54,,DELOITTE_TOUCHE_TOHMATSU_INDIA_LLP-0050532353/,https://unilever.coupahost.com/order_headers/16239059
PO16239200,COMPLETED,DELOITTE_TOUCHE_TOHMATSU_INDIA_LLP-0050532353,1,1,2025-07-28 13:05:03,,DELOITTE_TOUCHE_TOHMATSU_INDIA_LLP-0050532353/,https://unilever.coupahost.com/order_headers/16239200
PO16241339,COMPLETED,DELOITTE_TOUCHE_TOHMATSU_INDIA_LLP-0050532353,1,1,2025-07-28 13:05:14,,DELOITTE_TOUCHE_TOHMATSU_INDIA_LLP-0050532353/,https://unilever.coupahost.com/order_headers/16241339
PO16245331,NO_ATTACHMENTS,,0,0,2025-07-28 13:27:05,,,https://unilever.coupahost.com/order_headers/16245331
PO16245577,COMPLETED,DELOITTE_TOUCHE_TOHMATSU_INDIA_LLP-0050532353,2,2,2025-07-28 13:05:28,,DELOITTE_TOUCHE_TOHMATSU_INDIA_LLP-0050532353/,https://unilever.coupahost.com/order_headers/16245577
PO16249869,NO_ATTACHMENTS,,0,0,2025-07-28 13:27:06,,,https://unilever.coupahost.com/order_headers/16249869
PO16250078,NO_ATTACHMENTS,,0,0,2025-07-28 13:27:06,,,https://unilever.coupahost.com/order_headers/16250078
PO16252113,COMPLETED,DELOITTE_TOUCHE_TOHMATSU_INDIA_LLP-0050532353,1,1,2025-07-28 13:05:38,,DELOITTE_TOUCHE_TOHMATSU_INDIA_LLP-0050532353/,https://unilever.coupahost.com/order_headers/16252113
PO16252467,NO_ATTACHMENTS,,0,0,2025-07-28 13:27:07,,,https://unilever.coupahost.com/order_headers/16252467
PO16279770,NO_ATTACHMENTS,,0,0,2025-07-28 13:27:07,,,https://unilever.coupahost.com/order_headers/16279770
PO16288213,NO_ATTACHMENTS,,0,0,2025-07-28 13:27:08,,,https://unilever.coupahost.com/order_headers/16288213
PO16288478,NO_ATTACHMENTS,,0,0,2025-07-28 13:27:08,,,https://unilever.coupahost.com/order_headers/16288478
PO16288894,NO_ATTACHMENTS,,0,0,2025-07-28 13:27:09,,,https://unilever.coupahost.com/order_headers/16288894
PO16292062,COMPLETED,DELOITTE_LLP-0001119382,1,1,2025-07-28 13:05:50,,DELOITTE_LLP-0001119382/,https://unilever.coupahost.com/order_headers/16292062
PO16292622,NO_ATTACHMENTS,,0,0,2025-07-28 13:27:10,,,https://unilever.coupahost.com/order_headers/16292622
PO16294024,NO_ATTACHMENTS,,0,0,2025-07-28 13:27:11,,,https://unilever.coupahost.com/order_headers/16294024
PO16294025,NO_ATTACHMENTS,,0,0,2025-07-28 13:27:11,,,https://unilever.coupahost.com/order_headers/16294025
PO16294026,NO_ATTACHMENTS,,0,0,2025-07-28 13:27:12,,,https://unilever.coupahost.com/order_headers/16294026
PO16294028,NO_ATTACHMENTS,,0,0,2025-07-28 13:27:12,,,https://unilever.coupahost.com/order_headers/16294028
PO16294030,NO_ATTACHMENTS,,0,0,2025-07-28 13:27:12,,,https://unilever.coupahost.com/order_headers/16294030
PO16297542,NO_ATTACHMENTS,,0,0,2025-07-28 13:27:13,,,https://unilever.coupahost.com/order_headers/16297542
PO16305700,COMPLETED,DELOITTE_TOUCHE_TOHMATSU_INDIA_LLP-0050532353,2,2,2025-07-28 13:06:08,,DELOITTE_TOUCHE_TOHMATSU_INDIA_LLP-0050532353/,https://unilever.coupahost.com/order_headers/16305700
PO16306100,COMPLETED,DELOITTE_TOUCHE_TOHMATSUINDIA_LLP_INDIA_LLP-0050241464,2,2,2025-07-28 13:06:20,,DELOITTE_TOUCHE_TOHMATSUINDIA_LLP_INDIA_LLP-0050241464/,https://unilever.coupahost.com/order_headers/16306100
PO16306915,NO_ATTACHMENTS,,0,0,2025-07-28 13:27:13,,,https://unilever.coupahost.com/order_headers/16306915
PO16323002,COMPLETED,DELOITTE_TOUCHE_TOHMATSU_INDIA_LLP-0050532353,2,2,2025-07-28 13:06:33,,DELOITTE_TOUCHE_TOHMATSU_INDIA_LLP-0050532353/,https://unilever.coupahost.com/order_headers/16323002
PO16327489,NO_ATTACHMENTS,,0,0,2025-07-28 13:27:14,,,https://unilever.coupahost.com/order_headers/16327489
PO16328780,NO_ATTACHMENTS,,0,0,2025-07-28 13:27:15,,,https://unilever.coupahost.com/order_headers/16328780
PO16330704,COMPLETED,DELOITTE_TOUCHE_TOHMATSU_INDIA_LLP-0050532353,1,1,2025-07-28 13:06:45,,DELOITTE_TOUCHE_TOHMATSU_INDIA_LLP-0050532353/,https://unilever.coupahost.com/order_headers/16330704
PO16330705,COMPLETED,DELOITTE_TOUCHE_TOHMATSU_INDIA_LLP-0050532353,1,1,2025-07-28 13:06:54,,DELOITTE_TOUCHE_TOHMATSU_INDIA_LLP-0050532353/,https://unilever.coupahost.com/order_headers/16330705
PO16330706,COMPLETED,DELOITTE_TOUCHE_TOHMATSU_INDIA_LLP-0050532353,1,1,2025-07-28 13:07:04,,DELOITTE_TOUCHE_TOHMATSU_INDIA_LLP-0050532353/,https://unilever.coupahost.com/order_headers/16330706
PO16330707,COMPLETED,DELOITTE_TOUCHE_TOHMATSU_INDIA_LLP-0050532353,1,1,2025-07-28 13:07:12,,DELOITTE_TOUCHE_TOHMATSU_INDIA_LLP-0050532353/,https://unilever.coupahost.com/order_headers/16330707
PO16330708,COMPLETED,DELOITTE_TOUCHE_TOHMATSU_INDIA_LLP-0050532353,1,1,2025-07-28 13:07:20,,DELOITTE_TOUCHE_TOHMATSU_INDIA_LLP-0050532353/,https://unilever.coupahost.com/order_headers/16330708
PO16335301,NO_ATTACHMENTS,,0,0,2025-07-28 13:27:16,,,https://unilever.coupahost.com/order_headers/16335301
PO16341341,NO_ATTACHMENTS,,0,0,2025-07-28 13:27:16,,,https://unilever.coupahost.com/order_headers/16341341
PO16345207,NO_ATTACHMENTS,,0,0,2025-07-28 13:27:17,,,https://unilever.coupahost.com/order_headers/16345207
PO16346000,NO_ATTACHMENTS,,0,0,2025-07-28 13:27:17,,,https://unilever.coupahost.com/order_headers/16346000
PO16346418,COMPLETED,DELOITTE_TOUCHE_TOHMATSU_INDIA_LLP-0050532353,1,1,2025-07-28 13:07:32,,DELOITTE_TOUCHE_TOHMATSU_INDIA_LLP-0050532353/,https://unilever.coupahost.com/order_headers/16346418
PO16353269,NO_ATTACHMENTS,,0,0,2025-07-28 13:27:18,,,https://unilever.coupahost.com/order_headers/16353269
PO16353483,COMPLETED,DELOITTE_TOUCHE_TOHMATSU_INDIA_LLP-0050532353,1,1,2025-07-28 13:07:40,,DELOITTE_TOUCHE_TOHMATSU_INDIA_LLP-0050532353/,https://unilever.coupahost.com/order_headers/16353483
PO16358497,COMPLETED,DELOITTE_TOUCHE_OUTSOURCING_SERVICO_CONTABEIS_E_ADMINISTRATIVOS_LTDA_ADMINISTRATIVOS_LTDA-0050543235,1,1,2025-07-28 13:07:49,,DELOITTE_TOUCHE_OUTSOURCING_SERVICO_CONTABEIS_E_ADMINISTRATIVOS_LTDA_ADMINISTRATIVOS_LTDA-0050543235/,https://unilever.coupahost.com/order_headers/16358497
PO16359621,COMPLETED,DELOITTE_TOUCHE_TOHMATSU_INDIA_LLP-0050532353,1,1,2025-07-28 13:07:59,,DELOITTE_TOUCHE_TOHMATSU_INDIA_LLP-0050532353/,https://unilever.coupahost.com/order_headers/16359621
PO16363008,COMPLETED,DELOITTE_TOUCHE_TOHMATSU_INDIA_LLP-0050532353,1,1,2025-07-28 13:08:09,,DELOITTE_TOUCHE_TOHMATSU_INDIA_LLP-0050532353/,https://unilever.coupahost.com/order_headers/16363008
PO16365577,COMPLETED,DELOITTE_TOUCHE_TOHMATSU_INDIA_LLP-0050532353,2,2,2025-07-28 13:08:23,,DELOITTE_TOUCHE_TOHMATSU_INDIA_LLP-0050532353/,https://unilever.coupahost.com/order_headers/16365577
PO16373759,NO_ATTACHMENTS,,0,0,2025-07-28 13:27:18,,,https://unilever.coupahost.com/order_headers/16373759
PO16384261,COMPLETED,DELOITTE_TOUCHE_TOHMATSU_INDIA_LLP-0050532353,1,1,2025-07-28 13:08:31,,DELOITTE_TOUCHE_TOHMATSU_INDIA_LLP-0050532353/,https://unilever.coupahost.com/order_headers/16384261
PO16384262,COMPLETED,DELOITTE_TOUCHE_TOHMATSU_INDIA_LLP-0050532353,1,1,2025-07-28 13:08:40,,DELOITTE_TOUCHE_TOHMATSU_INDIA_LLP-0050532353/,https://unilever.coupahost.com/order_headers/16384262
PO16384263,COMPLETED,DELOITTE_TOUCHE_TOHMATSU_INDIA_LLP-0050532353,1,1,2025-07-28 13:08:49,,DELOITTE_TOUCHE_TOHMATSU_INDIA_LLP-0050532353/,https://unilever.coupahost.com/order_headers/16384263
PO16384265,COMPLETED,DELOITTE_TOUCHE_TOHMATSU_INDIA_LLP-0050532353,1,1,2025-07-28 13:08:57,,DELOITTE_TOUCHE_TOHMATSU_INDIA_LLP-0050532353/,https://unilever.coupahost.com/order_headers/16384265
PO16386537,COMPLETED,DELOITTE_TOUCHE_TOHMATSU_INDIA_LLP-0050532353,1,1,2025-07-28 13:09:06,,DELOITTE_TOUCHE_TOHMATSU_INDIA_LLP-0050532353/,https://unilever.coupahost.com/order_headers/16386537
PO16387558,NO_ATTACHMENTS,,0,0,2025-07-28 13:27:19,,,https://unilever.coupahost.com/order_headers/16387558
PO16391911,NO_ATTACHMENTS,,0,0,2025-07-28 13:27:19,,,https://unilever.coupahost.com/order_headers/16391911
PO16396224,COMPLETED,DELOITTE_TOUCHE_TOHMATSU_INDIA_LLP-0050532353,1,1,2025-07-28 13:09:15,,DELOITTE_TOUCHE_TOHMATSU_INDIA_LLP-0050532353/,https://unilever.coupahost.com/order_headers/16396224
PO16400081,NO_ATTACHMENTS,,0,0,2025-07-28 13:27:20,,,https://unilever.coupahost.com/order_headers/16400081
PO16400352,NO_ATTACHMENTS,,0,0,2025-07-28 13:27:20,,,https://unilever.coupahost.com/order_headers/16400352
PO16400411,NO_ATTACHMENTS,,0,0,2025-07-28 13:27:21,,,https://unilever.coupahost.com/order_headers/16400411
PO16402078,NO_ATTACHMENTS,,0,0,2025-07-28 13:27:21,,,https://unilever.coupahost.com/order_headers/16402078
PO16407272,NO_ATTACHMENTS,,0,0,2025-07-28 13:27:21,,,https://unilever.coupahost.com/order_headers/16407272
PO16408853,NO_ATTACHMENTS,,0,0,2025-07-28 13:27:22,,,https://unilever.coupahost.com/order_headers/16408853
PO16408877,NO_ATTACHMENTS,,0,0,2025-07-28 13:27:24,,,https://unilever.coupahost.com/order_headers/16408877
PO16415325,NO_ATTACHMENTS,,0,0,2025-07-28 13:27:25,,,https://unilever.coupahost.com/order_headers/16415325
PO16415327,NO_ATTACHMENTS,,0,0,2025-07-28 13:27:28,,,https://unilever.coupahost.com/order_headers/16415327
PO16419142,NO_ATTACHMENTS,,0,0,2025-07-28 13:27:28,,,https://unilever.coupahost.com/order_headers/16419142
PO16419143,NO_ATTACHMENTS,,0,0,2025-07-28 13:27:28,,,https://unilever.coupahost.com/order_headers/16419143
PO16419165,NO_ATTACHMENTS,,0,0,2025-07-28 13:27:29,,,https://unilever.coupahost.com/order_headers/16419165
PO16419168,NO_ATTACHMENTS,,0,0,2025-07-28 13:27:29,,,https://unilever.coupahost.com/order_headers/16419168
PO16425759,COMPLETED,DELOITTE_TOUCHE_TOHMATSU_INDIA_LLP-0050532353,1,1,2025-07-28 13:09:34,,DELOITTE_TOUCHE_TOHMATSU_INDIA_LLP-0050532353/,https://unilever.coupahost.com/order_headers/16425759
PO16425762,NO_ATTACHMENTS,,0,0,2025-07-28 13:27:30,,,https://unilever.coupahost.com/order_headers/16425762
PO16425859,NO_ATTACHMENTS,,0,0,2025-07-28 13:27:30,,,https://unilever.coupahost.com/order_headers/16425859
PO16429355,NO_ATTACHMENTS,,0,0,2025-07-28 13:27:31,,,https://unilever.coupahost.com/order_headers/16429355
PO16430212,COMPLETED,DELOITTE_TOUCHE_TOHMATSU_INDIA_LLP-0050532353,1,1,2025-07-28 13:09:45,,DELOITTE_TOUCHE_TOHMATSU_INDIA_LLP-0050532353/,https://unilever.coupahost.com/order_headers/16430212
PO16431807,COMPLETED,DELOITTE_TOUCHE_TOHMATSU_INDIA_LLP-0050532353,2,2,2025-07-28 13:09:58,,DELOITTE_TOUCHE_TOHMATSU_INDIA_LLP-0050532353/,https://unilever.coupahost.com/order_headers/16431807
PO16433567,NO_ATTACHMENTS,,0,0,2025-07-28 13:27:32,,,https://unilever.coupahost.com/order_headers/16433567
PO16433868,NO_ATTACHMENTS,,0,0,2025-07-28 13:27:44,,,https://unilever.coupahost.com/order_headers/16433868
PO16433869,NO_ATTACHMENTS,,0,0,2025-07-28 13:27:45,,,https://unilever.coupahost.com/order_headers/16433869
PO16434156,NO_ATTACHMENTS,,0,0,2025-07-28 13:27:45,,,https://unilever.coupahost.com/order_headers/16434156
PO16436958,COMPLETED,DELOITTE_TOUCHE_TOHMATSU_INDIA_LLP-0050532353,2,2,2025-07-28 13:10:13,,DELOITTE_TOUCHE_TOHMATSU_INDIA_LLP-0050532353/,https://unilever.coupahost.com/order_headers/16436958
PO16438501,NO_ATTACHMENTS,,0,0,2025-07-28 13:27:46,,,https://unilever.coupahost.com/order_headers/16438501
PO16452414,COMPLETED,DELOITTE_TOUCHE_TOHMATSU_INDIA_LLP-0050532353,1,1,2025-07-28 13:10:22,,DELOITTE_TOUCHE_TOHMATSU_INDIA_LLP-0050532353/,https://unilever.coupahost.com/order_headers/16452414
PO16465704,COMPLETED,DELOITTE_TOUCHE_TOHMATSU_INDIA_LLP-0050532353,2,2,2025-07-28 13:10:34,,DELOITTE_TOUCHE_TOHMATSU_INDIA_LLP-0050532353/,https://unilever.coupahost.com/order_headers/16465704
PO16467799,COMPLETED,DELOITTE_TOUCHE_TOHMATSU_INDIA_LLP-0050532353,2,2,2025-07-28 13:10:48,,DELOITTE_TOUCHE_TOHMATSU_INDIA_LLP-0050532353/,https://unilever.coupahost.com/order_headers/16467799
PO16472379,NO_ATTACHMENTS,,0,0,2025-07-28 13:27:46,,,https://unilever.coupahost.com/order_headers/16472379
PO16474521,NO_ATTACHMENTS,,0,0,2025-07-28 13:27:47,,,https://unilever.coupahost.com/order_headers/16474521
PO16475178,NO_ATTACHMENTS,,0,0,2025-07-28 13:27:47,,,https://unilever.coupahost.com/order_headers/16475178
PO16482891,COMPLETED,DELOITTE_TOUCHE_TOHMATSU_INDIA_LLP-0050532353,2,2,2025-07-28 13:11:04,,DELOITTE_TOUCHE_TOHMATSU_INDIA_LLP-0050532353/,https://unilever.coupahost.com/order_headers/16482891
PO16496778,COMPLETED,DELOITTE_TOUCHE_TOHMATSU_INDIA_LLP-0050532353,2,2,2025-07-28 13:11:17,,DELOITTE_TOUCHE_TOHMATSU_INDIA_LLP-0050532353/,https://unilever.coupahost.com/order_headers/16496778
